Club_ID,Club,Conference,Ranking,Matches Played,Wins,Draws,Losses,Total Points
14,New York City FC,Eastern,1,34,18,10,6,64
1,Atlanta United,Eastern,2,34,18,4,12,58
17,Philadelphia Union,Eastern,3,34,16,7,11,55
23,Toronto FC,Eastern,4,34,13,11,10,50
5,DC United,Eastern,5,34,13,11,10,50
15,New York Red Bulls,Eastern,6,34,14,6,14,48
13,New England Revolution,Eastern,7,34,11,12,11,45
2,Chicago Fire,Eastern,8,34,10,12,12,42
12,Montreal Impact,Eastern,9,34,12,5,17,41
4,Columbus Crew,Eastern,10,34,10,8,16,38
16,Orlando City SC,Eastern,11,34,9,10,15,37
6,FC Cincinnati,Eastern,12,34,6,6,22,24
10,LAFC,Western,1,34,21,9,4,72
21,Seattle Sounders FC,Western,2,34,16,8,10,56
19,Real Salt Lake,Western,3,34,16,5,13,53
11,Minnesota United,Western,4,34,15,8,11,53
9,LA Galaxy,Western,5,34,16,3,15,51
18,Portland Timbers,Western,6,34,14,7,13,49
7,FC Dallas,Western,7,34,13,9,12,48
20,San Jose Earthquakes,Western,8,34,13,5,16,44
3,Colorado Rapids,Western,9,34,12,6,16,42
8,Houston Dynamo,Western,10,34,12,4,18,40
22,Sporting Kansas City,Western,11,34,10,8,16,38
24,Vancouver Whitecaps,Western,12,34,8,10,16,34
